year,subject,set,question,mean,sd,possible,pct
2024,Micro,2,2,1.33,1.28,5,26.6
2025,Macro,2,2,1.38,1.55,5,27.6
2023,Macro,2,2,1.4,1.53,5,28.0
2024,Macro,2,3,1.46,1.3,5,29.2
2025,Macro,1,2,1.51,1.67,5,30.2
2024,Micro,2,3,1.71,1.42,5,34.2
2024,Macro,1,1,3.48,2.85,10,34.8
2024,Macro,1,3,1.74,1.63,5,34.8
2023,Micro,1,2,1.76,1.45,5,35.2
2024,Macro,1,2,1.76,1.76,5,35.2
2023,Macro,1,2,1.81,1.61,5,36.2
2023,Micro,2,3,1.83,1.77,5,36.6
2025,Macro,1,1,3.86,2.87,10,38.6
2023,Micro,2,1,4.0,2.99,10,40.0
2023,Micro,1,3,2.04,1.77,5,40.8
2023,Macro,2,1,4.22,3.2,10,42.2
2024,Macro,2,1,4.27,2.59,10,42.7
2025,Macro,2,1,4.34,3.21,10,43.4
2025,Macro,1,3,2.21,1.76,5,44.2
2024,Micro,1,2,2.22,1.59,5,44.4
2023,Macro,1,1,4.71,3.1,10,47.1
2023,Macro,2,3,2.38,1.56,5,47.6
2023,Micro,2,2,2.41,1.62,5,48.2
2024,Macro,2,2,2.49,1.66,5,49.8
2024,Micro,2,1,4.99,3.31,10,49.9
2025,Micro,2,1,5.0,2.98,10,50.0
2025,Macro,2,3,2.57,1.54,5,51.4
2025,Micro,1,2,2.57,1.68,5,51.4
2025,Micro,1,1,5.21,3.22,10,52.1
2025,Micro,2,2,2.69,1.51,5,53.8
2024,Micro,1,3,2.7,1.6,5,54.0
2024,Micro,1,1,5.6,3.41,10,56.0
2025,Micro,2,3,2.85,1.47,5,57.0
2025,Micro,1,3,2.88,1.71,5,57.6
2023,Micro,1,1,5.93,3.24,10,59.3
2023,Macro,1,3,3.12,1.69,5,62.4
